video_name,is_comic
"""Diaraby Nene"" la carte blanche d'Oumou Sangar√©",0
"Suzanne Vega reprend ""Dreaming"" de Blondie - La carte blanche",0
Plus que 3 minutes pour solder mon compte Cpf - Le billet de Tanguy Pastureau,1
Un documentaire pour sauver une femme condamn√©e √† mort - L'Instant M,0
Le Giec sonne encore l'alerte et tout le monde s'en cogne,0
Lettre √† un fr√®re endeuill√© - En toute subjectivit√© Anne-C√©cile Mailfert,0
"Jean Lassalle : La tendance √† l'abstention ""je la constate depuis une semaine et partout""",0
"""Victoria"" sur Arte : la charge mentale dans une com√©die romantique - Capture d'√©crans",0
Rafael Nadal - Le h√©ros du jour,0
La voix du sexe des Belges : le retour - La chronique de Laurence Bibot,1
"Fran√ßois Ravard : ""Comment dessiner ""Clovis et oups'""""",0
Le complotisme √©lectoral et la pr√©sidentielle,0
P√©nuries de m√©dicaments : une enqu√™te gla√ßante sur Arte - Capture d'√©crans,0
Le thermom√®tre s'affole dans les p√¥les,0
Point sur l'accueil des r√©fugi√©s Ukrainiens avec Joseph Zimet,0
"""Monsieur le Pr√©sident"" : Gauvain Sers carte blanche in√©dite",0
Zidane et le Psg images de vid√©osurveillance du Stade de France supprim√©es - Le Journal de 17h17,0
Quel est l'√©tat de la France dans cette pr√©sidentielle - En toute subjectivit√©,0
L'invit√© du 13h : Pierre Larrouturou,0
La Master Classe de Laurent Honel - La Master-Classe de Par Jupiter,0
L‚Äô√âlection pr√©sidentielle fran√ßaise est aussi une √©lection europ√©enne‚Ä¶ - En toute subjectivit√©,0
"Marine Le Pen : ""on peut obtenir qu'Emmanuel Macron n'ait pas la majorit√© absolue"" √† l'Assembl√©e",0
"""Dictionnaire amoureux de l'Ukraine"" avec Tetiana Andrushchuk et Dani√®le Georget",0
Guerre en Ukraine : la nouvelle strat√©gie de la diplomatie russe sur les r√©seaux sociaux,0
"Germain Louvet : ""Devenir danseur √©toile a √©t√© comme une deuxi√®me naissance""",0
Le retour des n√©onicotino√Ødes,0
"Edouard Baer : ""Entre gens d'une m√™me g√©n√©ration on joue √† qui a le moins mal vieilli""",0
Total : les militants climat s'invitent √† l'assembl√©e g√©n√©rale,0
"K Delli : ""La pr√©sidence de l'Ue ne doit pas √™tre un marchepied pour la pr√©sidentielle""",0
"Laurent Berger √† propos des l√©gislatives : ""On n'a pas trait√© les vrais sujets c'est dommage""",0
D√©mission de Jean Castex encouragements d'Edith Cresson et √©clipse totale - Le Journal de 17h17,1
"Yvan Colonna : ses avocats r√©clament une suspension de peine ""coh√©rente avec la situation""",0
La marquise de Felpin - La carte Blanche de Laura Felpin,0
Le dernier des √©crivains de Gwenaelle Robert - La chronique de Clara Dupont-Monod,0
"""Messidor et les bananes de compagnie"" par Eva Bester - Oli",0
"""Un nouveau protocole sanitaire remplace le nouveau protocole sanitaire"" - Le Journal de 17h17",1
Jean-Pierre Pernaut 33 ans de Jt et de proximit√© - L'Instant M,0
Karajan rends l'argent - La Chronique musicale de Marina Chiche,0
"G√©rald Darmanin : ""Il faut arr√™ter le police-bashing ce serait bien pour tout le monde""",0
Teddy de Ludovic et Zoran Boukherma - La chronique cin√© de L√©o Karmann,1
Questions Politiques sp√©ciale pr√©sidentielle,0
"Othman Nasrou : ""Val√©rie P√©cresse a toujours √©t√© sous-estim√©e""",0
"""Le village de Bamboula"" : le dernier zoo humain en France - Capture d'√©crans",0
Martin Weill : avoir 20 ans sous les Talibans - L'Instant M,0
Alpha Blondy Sweet Fanta Diallo - La carte blanche,0
"Christine Lagarde : ""L'inflation va se stabiliser et baisser graduellement au cours de 2022""",0
S√©curit√© domotique : Apple Google et Microsoft avancent enfin main dans la main,0
"Christophe Robert : ""Parmi les personnes sous le seuil de pauvret√© les plus pauvres s'enfoncent""",0
"Julien Denormandie : ""In√©vitablement il y aura une augmentation des prix il faut √™tre lucide""",0
Point m√©t√©o √† Kiev Bachelot de retour aux Grosses T√™tes et trou noir voyou - Le Journal de 17h17,1
Icemageddon : temp√™te de glace rarissime en Alaska,0
"""Foule Sentimentale"" Henri D√®s reprend Souchon",0
Laurent Guimier : une √©lection pas comme les autres L'Instant M,0
Didier Migaud pr√©sident de la Haute autorit√© pour la transparence de la vie publique,0
Les bonnes nouvelles de la plan√®te du 8 avril 2022,0
Mort de Jean-Pierre Pernaut le journaliste qui a remis le peuple au milieu du village - Capture d'√©,0
Cantal : crainte qu'une zone humide ne soit bient√¥t transform√©e en carri√®re,0
"Pourquoi la ""pixel war"" de Reddit est un bel exemple de cr√©ativit√© et de coop√©ration sur le web",0
Mister V survole Youtube - L'Instant M,0
Temps de parole campagne pr√©sidentielle et gifle de Will Smith - Le Journal de 17h17,1
Primaire populaire campagne pr√©sidentielle et parc √† th√®me sur le chocolat - Le Journal de 17h17,1
Isabelle Huet directrice g√©n√©rale de l'association Rose Up,0
"Une rivi√®re ""ensevelie"" apr√®s la vidange d'un barrage",0
Le livre de Marc-Olivier Fogiel sur la Gpa adapt√© en t√©l√©film - Capture d'√©crans,0
Tentative d'humour en temps de menace nucl√©aire - La chronique de Thomas Vdb,1
"""Voyages au bout de l'effort"" : la force du mental - Capture d'√©crans",0
"Arthur D√©nouveaux : ""Le pardon que Salah Abdeslam a √† s'accorder c'est avant tout √† lui-m√™me""",0
Chirac - Les Pr√©sidents et la Culture #CulturePrime,0
La France racont√©e par nos pr√©noms - Capture d'√©crans,0
"""Si tu reportes les √©preuves anticip√©es du bac √ßa devient donc les √©preuves du bac""",0
Nucl√©aire √©oliennes Une nouvelle enqu√™te d'Hugo Cl√©ment - L'Instant M,0
Thierry Breton invit√© de Questions Politiques,0
"""Taux d'inflation de la zone Euro √† 7 5% soit l‚Äô√©quivalent d‚Äôenviron 5 Hidalgo"" -Le Journal de 17h17",1
Profession reporter de guerre - L'Instant M,0
Avec Pierre Moscovici premier pr√©sident de la Cour des Comptes,0
La fracture g√©n√©rationnelle : un des enseignements du premier tour - En toute subjectivit√©,0
Le Barbecue Disney - La chanson de Fr√©d√©ric Fromet,1
"Livre Inter : ""Je voulais que ce soit une exp√©rience de lecture pour les lecteurs"" (Antoine Wauters)",0
Jeanne Barret : la premi√®re femme qui a fait le tour du monde - Les Odyss√©es,0
La Master Classe de Cali - La Master-Classe de Par Jupiter,0
Ce que l‚Äôabus de lacrymo dit de la sant√© de notre d√©mocratie - En toute subjectivit√©,0
Lucien Jean-Baptiste - Morgane Cadignan n'aime pas,1
"Benoit Thieulin : ""Le num√©rique est totalement int√©gr√© aux outils basiques de la campagne""",0
"Isabelle Lasserre sur la situation au Mali : ""c'est un revers suppl√©mentaire pour la France""",0
"Affaire Abad : ""La d√©cision du parquet de ne pas ouvrir d'enqu√™te est surprenante"" selon R-F Pardo",0
Dans un fou rire - Fishbach (Live),0
La Master Classe d'Aure Atika - La Master-Classe de Par Jupiter,1
Mimi Marchand : portrait d'une influente de la R√©publique sur France 2 - Capture d'√©crans,0
Nicolas Bay et espionnage au rassemblement national : Transformers en Vf - Le Journal de 17h17,1
Bloqu√© - Le Sketch Par Jupiter avec Gringe,1
Les 400 ans de la naissance de Moli√®re avec Claude Mathieu et S√©phora Pondi,0
Le sp√©cialiste de la guerre en Ukraine - Cr√©deville part en live,1
Celle qui vit au sud - Emily Loizeau (Live),0
Didier Raoult et l'astrologie,0
"Une forme d‚Äô ""hibernation fran√ßaise"" - En toute subjectivit√©",0
Fran√ßois Busnel - Jim Harrison : dialogue d'outre-vie - L'Instant M,0
"""En 24h Omicron arrive √† f√©d√©rer plus de Fran√ßais qu'Anne Hidalgo depuis des mois"" - Le journal",0
Guerre en Ukraine : la guerre de l'information - L'Instant M,0
Olivier Ubertalli : la chute de l'empire Lagard√®re - L'Instant M,0
Printemps do Brasil - Le billet de Thomas Crois√®re,1
Twitter rachet√© par Elon Musk gouvernement resserr√© et un nez perdu - Le Journal de 17h17,0
"""Cl√®ves"" sur Arte : un r√©cit d'apprentissage qui bouscule - Capture d'√©crans",0
Tahiti : d√©couverte d'un r√©cif de corail intact et gigantesque,0
Le questionnaire Jupiproust de Ma√Øa Mazaurette - Le questionnaire Jupiproust,1
S√©ries - Le Billet de Fran√ßois Morel,1
Les coulisses de la photographie politique - L'Instant M,0
L‚ÄôApoth√©ose de l‚Äôaudiovisuel - La dr√¥le d‚Äôhumeur de Marina Rollman,1
‚ÄùOn √©tait bons pour faire des arrangements √©lectroniques‚Äù - L‚ÄôInterview de Tears for Fears,0
"""Biden pendant son mandat on le voyait plus d√©velopper un Alzheimer qu‚Äôun Gilles de la Tourette""",0
Et si le covid 19 nous poussait √† une autre approche de la sant√© - En toute subjectivit√©,0
Gr√®ve des enseignants union de la gauche et Zorro de la chirurgie - Le Journal de 17h17,1
"Fabien Roussel : ""Au premier tour de l‚Äô√©lection pr√©sidentielle on vote pour ses id√©es""",0
S√®te : col√®re autour d‚Äôun projet de parking souterrain,0
Gilles Bouleau et L√©a Salam√© : arbitres du d√©bat de l'entre-deux-tours - L'Instant M,0
Champollion : le g√©nial d√©chiffreur des hi√©roglyphes - Les Odyss√©es du Louvre,0
Flavie Flament dans le miroir de la t√©l√©vision - L'Instant M,0
Apple franchit le seuil des 3 000 milliards de dollars : une premi√®re dans l'histoire de la bourse,0
La Master Classe d'Andr√©a Bescond - La Master-Classe de Par Jupiter,0
Chantez Mademoiselle Le billet de Thomas Croisiere,1
La concentration des m√©dias dans le viseur du S√©nat - L'Instant M,0
"Cl√©mentine Autain : ""Le jeu est ouvert"" la Nupes ""a la possibilit√© de gouverner""",0
Alerte rouge - La chronique de L√©o Karmann,1
"Aude Picault : Comment dessiner ""Amalia""",0
Kadour Ziani : quand le dunk devient un art - Capture d'√©crans,0
Albie albatros paum√© dans l'h√©misph√®re nord,0
"Nathalie Arthaud : ""Les sanctions √©conomiques ne feront pas mal aux oligarques russes""",0
Avec C√©cile Alduy J√©r√¥me Fourquet Sacha Mandel retour sur le d√©bat de l'entre-deux-tours,0
Le questionnaire Jupiproust de Laura Cahen - Le questionnaire Jupiproust,0
Le 9 mai en Russie : un moment-clef En toute subjectivit√©,0
"Alain David : ""Nous voulons une pression beaucoup plus forte de la France sur la Chine""",0
"""Un Parlement en toc"" : Annie Chapelier d√©put√©e Agir Ensemble du Gard",0
Hauts-De-France : la r√©gion finance les anti-√©oliennes,0
"Pierre Servent : ""Il y a une absence du principe du droit de la guerre chez les Russes""",0
Le convoi de la Libert√© - Le Journal de 17h17,1
Retrait d'Arnaud Montebourg bras droit du Pape Fran√ßois et nouveau jeu de mots- Le Journal de 17h17,1
"Val√©rie P√©cresse : ""Si je ne suis pas au deuxi√®me tour je ne donnerai jamais de consigne de vote""",0
Une id√©e pour se d√©tendre : les vid√©os de menuiserie japonaise - Capture d'√©crans,0
"""Les talibans sont tr√®s provocateurs en Afghanistan irrationnels et impr√©visibles""",0
"Sofiane Pamart ‚ÄúSolitude"" et ‚ÄúFrom‚Äú en session pour Boomerang",0
"Jeanlouis Tripp : ""Comment dessiner ""Le petit fr√®re"" """,0
"J√©r√¥me Pellistrandi: ""Nous avons d√ª soutenir un r√©gime qui n'a pas r√©pondu aux attentes des Maliens""",0
"Delphine Ernotte : ""J'ai bien l'intention de continuer √† exercer mon mandat jusqu'au bout""",0
"Filippo Grandi : ""Pr√®s de deux millions d'Ukrainiens ont pass√© les fronti√®res des pays limitrophes""",0
Lettre √† une prix Nobel bi√©lorusse - En toute subjectivit√©,0
La question des parrainages et la fracture d√©mocratique - En toute subjectivit√©,0
"""Le croque-monsieur et la fourmi"" par Yann Queff√©lec - Oli",0
No√´lle Herrenschmidt : profession aquarelliste-reporter - L'Instant M,0
Des sachets de drogue estampill√©s Haribeu saisis : vive la France qui innove - Le Journal de 17h17,1
Camille Combal raconte la t√©l√© am√©ricaine - L'Instant M,0
"Annie Ernaux : ""J‚Äôai vraiment senti ce sexisme vis-√†-vis de la femme m√ªre""",0
"""Zone √† danger"" la carte blanche de Sch",0
"""Des candidats et des jeunes"" #Elys√©e2022",0
Lettre √† un jeune homme d√©pressif - En toute subjectivit√© Anne-C√©cile Mailfert,0
Les grands chantiers de l'√©ducation - En toute subjectivit√©,0
"Goossens : ""Comment dessiner La porte de l'univers""",0
Le D√©bat √âco : la campagne pr√©sidentielle la moins √©conomique de l'histoire,0
R√©acteurs nucl√©aires √† l'arr√™t : causes cons√©quences et critiques,0
Rwanda : le viol de guerre racont√© par celles qui l'ont v√©cu - L'Instant M,0
Spartacus : l‚Äôesclave qui fit trembler Rome - Les Odyss√©es,0
Ministres en d√©tresse - La chronique de Thomas Vdb,1
"""Les images des convois de la libert√© : pas ouf le remake fran√ßais de Mad Max ""- Le Journal de 17h17",1
"Alain Frachon : ""Ce n'est pas parce qu'il y a de nouvelles puissances que nous d√©clinons""",0
Que faut-il attendre du One Ocean Summit,0
La Master Classe de C√©cile Maistre-Chabrol - La Master-Classe de Par Jupiter,1
Les complotistes qui complotent,0
Conflit en Ukraine : Comment les m√©dias d‚ÄôEurope Centrale et d‚Äô Europe de l‚ÄôEst en parlent,0
Charlotte Abramow √† travers ses ≈ìuvres - #CulturePrime,0
Le questionnaire Jupiproust de Charlie Danger - Le questionnaire Jupiproust,0
"Qu'est-ce que ""Facebook News"" la nouvelle fonction lanc√©e par le r√©seau social",0
Handebat 2022 : quelle place pour le handicap dans le programme des candidates et candidats,0
Humbertium covidum : ce petit ver pourrait √™tre la nouvelle terreur de nos jardins,0
Imprimantes √† biscuits et capsules spatiales : les trouvailles les plus √©tonnantes du salon Vivatech,0
En Russie des milliers d'internautes t√©l√©chargent Wikipedia par peur de sa censure,0
Christine Ockrent Thomas Sn√©garoff : le Watergate a 50 ans - L'Instant M,0
"""L‚Äôabolition de l‚Äôesclavage o√π ce que l‚Äôon appelle au Medef"" - Le Journal de 17h17",1
Le questionnaire Jupiproust de Camille Froidevaux-Metterie - Le questionnaire Jupiproust,1
"Perruquiers bottiers : ""√Ä l'op√©ra tout est fait maison"" raconte Fr√©d√©ric P√©rouchine",0
"""Platonique"" sur Ocs : une d√©claration d'amour √† l'amiti√© - Capture d'√©crans",0
Le questionnaire Jupiproust de Fred Blin - Le questionnaire Jupiproust,1
Guerre en Ukraine campagne pr√©sidentielle et Douglas le chien - Le Journal de 17h17,1
"Fran√ßois Hollande : ""L'union est souhaitable mais je suis contre cet accord""",0
La Master Classe d'A√Øssa Ma√Øga : Moi Tonya,0
Nelson Monfort au bord du terrain L'Instant M,0
"Gilles Simeoni : ""Ce statut d'autonomie de la Corse doit √™tre d√©fini avant la fin de l'ann√©e 2022""",0
"Fabien Toulm√© : ""Comment dessiner ""En lutte"" """,0
L√©gislatives 2022 avec B√©atrice Giblin g√©ographe et Mathieu Gallard directeur d'√©tudes Ipsos,0
"Stanislas Guerini : ""Les Fran√ßais sont les grands absents de cette campagne""",0
"Retraite √† 65 ans : ""L'objectif c'est que cette mesure ne puisse pas aboutir"" dit Martinez",0
Des enchant√©s - La chronique de Thomas Croisi√®re,1
Triturons la langue fran√ßaise - La chronique langue de La√©lia V√©ron,0
Vague de suicides chez les oligarques russes premier cas humain de grippe aviaire H3N8 et bon d'ach,0
Ce qui se cache dans le sable du Sahara,0
Julie Andrieu la liste de nos envies - L'Instant M,0
"Romain Renard : Comment dessiner ""Melvile""",0
"Jean-Marc Daniel : ""Il y a des dispositifs juridiques qui font que le Smic doit augmenter""",0
Une campagne qui peine √† d√©coller - En toute subjectivit√© Natacha Polony,0
Deborah Lukumuena - Le Sketch Par Jupiter,1
L'amour du lac - La chronique d'Hippolyte Girardot,1
Nikos Aliagas : itin√©raire d'un enfant g√¢t√© L'Instant M,0
S'enterrer pour ne pas crever : le boom des bunkers - La dr√¥le d'humeur d'Alexis le,1
Jean-Marc Jancovici pr√©sident de The Shift Project invit√© d'On n'arr√™te pas l'√©co,0
"""Zone Interdite"" enqu√™te sur les nouveaux dangers num√©riques - Capture d'√©crans",0
L√©gislatives 2022 : Dani√®le Obono d√©put√©e r√©√©lue au premier tour,0
L'Odyss√©e d'Ulysse : Ulysse Circ√© et les sir√®nes (3/3) - Les Odyss√©es,0
"Sylvain Tesson : ""La beaut√© de notre existence tient dans son caract√®re √©ph√©m√®re""",0
"""Un regard √† soi"" : hommage √† des artistes majeures et trop peu connues - Capture d'√©crans",0
Karole Rocher et Samir Guesmi - Morgane Cadignan n'aime pas,1
"Pascal Canfin : ""je n'√©tais pas candidat pour rentrer au gouvernement""",0
Le Grand Face √† Face avec Roland Cayrol,0
Le questionnaire Jupiproust de Gary Hunt - Le questionnaire Jupiproust,1
La start-up nation et la burn-out nation - La chronique de Thomas Vdb,1
Patrick Balkany - Le h√©ros du jour,0
"""Disco Maghreb"" la lettre d'amour de Dj Snake √† l'Alg√©rie - Capture d'√©crans",0
Au Ces de Las Vegas des innovations √† gogo et les entreprises fran√ßaises en bonne position,0
Extrait exclusif - S√©rie - Dr√¥le,0
"Ch√¥mage : la Cgt d√©nonce ""un d√©calage entre la communication gouvernementale et la r√©alit√©""",0
"""Qui veut √™tre mon associ√©"" : plong√©e ludique dans le monde de l'entreprise - Capture d'√©crans",0
"Herv√© Le Bras : ""le grand remplacement c'est totalement impossible""",0
"Charlotte Gainsbourg - Jane Birkin : ""Je n'ai jamais os√© la prendre en photo cela m'intimide""",0
"Manuel Bompard : ""On peut parler d'un accord historique""",0
"Guerre en Ukraine : ""On a une forme d'√©quilibre qui est en train de s'installer""",0
A la rescousse de Val√©rie P√©cresse - Le Sketch avec Caroline Vigneaux,1
Pas de nouveau Premier ministre union de la gauche et fraudes dans le foot - Le Journal de 17h17,1
"Romain Ntamack : ""On voit peu d‚Äôimages de joie pour beaucoup d‚Äôimages d‚Äôentrainement""",0
La pol√©mique de la semaine - Tom Villa a tout compris,1
J'esp√®re que les Illuminati existent - La chronique de Waly Dia,1
Sp√©cial Temps de parole - R√©daction en chef : Csa - Le journal de 17h17,1
"Anne Hidalgo : ""Moi je garantis la retraite √† 62 ans""",0
Le D√©bat √âco : quelle place pour l'√©conomie dans la campagne pr√©sidentielle,0
Le complotisme russe autour des atrocit√©s de Boutcha,0
Le questionnaire de Jupiproust d'Amanda Lear - Le questionnaire Jupiproust,0
L'Inde et le Pakistan sous une chaleur record,0
La Grande Barri√®re de corail perd ses couleurs,0
"""Panier-Runacher critiqu√©e par les √©colos r√©forme des retraites et pas de douche pour Vizorek le d",0
La ferme digitale - Le Moment Meurice,1
On n'arr√™te pas l'√©co avec √âric Chenut pr√©sident de la Mutualit√© Fran√ßaise,0
"""Le dernier poisson"" par Pef - Oli",0
Ukraine : les animaux dans la guerre,0
Pr√©somption d'incomp√©tence de P√©cresse nouveau variant au covid et vin en canette - Le Journal de 1,1
Le questionnaire Jupiproust de J√©r√¥me Niel,1
"Marion Cotillard : ""Explorer pourquoi l'amour s'arr√™te entre deux membres d'une famille""",0
R√©sistance : un m√©morial sur un r√©seau social - L'Instant M,0
La V√©nus de Milo - enqu√™te autour de la fascinante dame - Les Odyss√©es du Louvre,0
Le D√©bat √âco : Quelles marges de man≈ìuvre pour le nouveau gouvernement,0
La Master-Classe de de D√©do,0
Adona√Øs Yankan - Le h√©ros du jour,0
"Alexis Kohler le ""ministre de la d√©sindustrialisation"" - En toute subjectivit√© Natacha Polony",0
Joann Sfar - Morgane Cadignan n'aime pas,1
Gastronogeek : la pop culture a-t-elle un go√ªt L'Instant M,0
La Master Classe de Fr√©d√©rick Sigrist - La Master-Classe de Par Jupiter,0
Didier Roustan au pays du beau jeu - L'Instant M,0
Le Bon Ange Gardien d'Elisabeth Borne - Le Sketch Par Jupiter,0
"Martin Fourcade : ""Les Jeux Olympiques de demain ne peuvent pas √™tre les m√™mes que ceux d'hier""",0
Quand la complosph√®re mondiale s‚Äôempare de la variole du singe - Antidote,0
"""Et tout le monde s'en fout"" sur Youtube : ce n'est qu'un au revoir - Capture d'√©crans",0
"Pierre Rosanvallon : ""L'√©lection pr√©sidentielle va se jouer sur le sentiment de proximit√©""",0
"Zerator¬†: ""Il n'y a pas de boomers dans le jeu vid√©o""",0
Amber Heard victime de backlash - En toute subjectivit√©,0
"Dadju reprend ""J'ai le blues de toi"" de Gilbert Montagn√© - La carte blanche",0
La Belle et les B√™tes - G√©r√©my Cr√©deville part en live,1
la sexualit√© des adolescents et le consentement - Interclass',0
Lgbtqatar - Le Billet de Sophia Aram,0
"Nicolas Dupont-Aignan : ""La France doit accueillir sa part de r√©fugi√©s"" venus d'Ukraine",0
"Rachat de Twitter : ""Les r√©seaux sociaux sont devenus des pi√®ces essentielles dans les d√©mocraties""",0
Nos d√©mocraties √† la merci des r√©seaux sociaux - L'Instant M,0
Les bonnes nouvelles de la plan√®te du 28 janvier 2022,0
Les bonnes nouvelles de la plan√®te du 22 avril 2022,0
Ginette Kolinka rescap√©e d'Auschwitz - Interclass',0
"""G√©rald Darmanin qui apaise les tensions c‚Äôest l‚Äô√©quivalent de soigner un herp√®s au lance flamme """,0
"""Dans ce pays toute augmente sauf les intentions de vote pour Hidalgo"" - Le Journal de 17h17",1
La femme fran√ßaise doit voter - En toute subjectivit√©,0
Cyril F√©raud ou la t√©l√© chimiquement pure - L'Instant M,0
Patrice Duhamel et Gabriel le Bomin racontent les cent premiers jours du Pr√©sident - L'Instant M,0
Mar√©e noire au P√©rou : la faute au volcan des Tonga vraiment,0
Les fran√ßais ne croient plus en la politique - Le billet d'Alex Vizorek,1
L'Illiade : les origines de la guerre de Troie (1/3) - Les Odyss√©es,0
"Florence Parly : ""La France ne peut pas rester au Mali √† n'importe quel prix""",0
Avc de Jean- Marie Le Pen crise en Ukraine et oeuf de manchot - Le Journal de 17h17,1
Entre Google et Apple c'est la guerre des messages verts et des messages bleus,0
Quelles mutations attendre cette ann√©e du monde du travail,0
"""Christine Lagarde devrait annoncer la semaine prochaine : l'eau √ßa mouille et que le feu √ßa br√ªle""",0
Dans la bulle de Florence Cestac,0
Le questionnaire Jupiproust de Iegor Gran,1
"Mac Donald's : une enqu√™te √©difiante de ""Cash Investigation"" - Capture d'√©crans",0
Point route - La dr√¥le d'humeur d'Agn√®s Hurstel,1
Crop-Top et tenue islamique - En toute subjectivit√©,0
On n'arr√™te pas l'√©co : avec Olivier Bogillot pr√©sident de Sanofi France,0
"Marc-Andr√© Selosse biologiste : ""Il y a un vrai probl√®me par rapport au choix des options"" au lyc√©e",0
"""Dr√¥le"" sur Netflix : des personnages dr√¥lement attachants - Capture d'√©crans",0
"S√©rie : ""Catastrophe"" est une r√©ussite Capture d'√©crans",0
Mathias Malzieu - La Master-Classe de Par Jupiter,0
Pma pour toutes - Florence Mendez reste calme,1
Le questionnaire Jupiproust de Rachid Ouramdane - Le questionnaire Jupiproust,1
D√©brief du premier tour - La chronique de Waly Dia,1
Karim Rissouli : la politique n'int√©resse-t-elle plus personne L'Instant M,0
Arthur √ßa penche L'Instant M,0
Seins en qu√™te d‚Äôune lib√©ration - La chronique d'Isabelle Sorente,1
L'Illiade : Achille retourne au combat (3/3) - Les Odyss√©es,0
"Dossier Papon : ""Toutes les pi√®ces du dossier sont d√©sormais accessibles"" Fran√ßoise Banat-Berger",0
Le questionnaire Jupiproust d'Anne Richard,0
Claire H√©don d√©fenseure des droits r√©agit aux r√©v√©lations sur les Ehpad Orp√©a  France Inter,0
"R√™ver de cabanes devant ""Incroyables maisons de vacances"" - Capture d'√©crans",0
"""Look up"" : les marches climat reviennent",0
Tapis rouge pour Sylvie Testud - Morgane Cadignan n'aime pas,1
Les nouveaux relais du n√©gationnisme en ligne,0
"Manuscrit du ""Petit Prince"" expos√© √† Paris : ""Cette histoire n'a jamais √©t√© aussi actuelle""",0
Les voisins de mes voisins sont mes voisins - La chronique de L√©o Karmann,1
R√©centisme : l‚Äôimprobable th√©orie complotiste,0
Anne Hidalgo - Des candidats et des jeunes #Elys√©e2022,0
"""Handi Gang"" : comment filmer le quotidien des personnes en situation de handicap L'Instant M",0
"G√©rald Darmanin : ""800 Ukrainiens sont arriv√©s sur le sol fran√ßais""",0
Kylie Minogue en mini-robe la vie quoi - Tanguy Pastureau maltraite l'info,1
Plan de la ville de Saint-Gratien - Le Billet de Fran√ßois Morel,1
Le h√©ros du jour : Le divorce,0
Union √† gauche seum √† droite - La chronique de Thomas Vdb,1
A la queuleuleu : voil√† les chenilles processionnaires,0
"""N'ajoutons pas une crise institutionnelle qui rendrait le pays ingouvernable"" lance Olivier V√©ran",0
La Master Classe de Lucien Jean-Baptiste : Tarzan,0
Sa majest√© des moches - La Dr√¥le D'Humeur De Fanny Ruwet,1
Nazis cabinet de conseil et Ehpad - La chronique de Waly Dia,1
"Jean Castex : ""Derri√®re Marine il y a toujours un Le Pen """,0
L'Odyss√©e d'Ulysse : Ulysse et le terrible cyclope (2/3) - Les Odyss√©es,0
"S√©bastien Gnaedig : ""Comment dessiner ""Ulysse Nobody""",0
"Les ""convois de la libert√©"" - En toute subjectivit√©",0
Lettre √† Monique Wittig - En toute subjectivit√©,0
La peste sur vos deux familles de Robert Littell - La chronique de Clara Dupont-Monod,0
"Ukraine : ""La violence risque de s'accroitre"" selon Isabelle Lasserre et Vincent Desportes",0
"Nicolas Dufourcq : en France ""Il y a eu un contrat social contre l'industrie""",0
Rfi France 24 : les chaines fran√ßaises dans la bataille informationnelle - L'Instant M,0
"Jonathan Littell - Thomas Gomart : ""Nous sommes dans une logique de si√®ge"" en Ukraine",0
Soir√©e √©lectorale - Le Sketch avec Thomas Joly,1
Cancel Moliere - La chronique de Thomas Vdb,1
La fille de la piscine de L√©a Tourret - La chronique de Juliette Arnaud,0
"Olivier Galland : ""Ce qui caract√©rise les 18-24 ans c'est la d√©saffiliation politique""",0
Vacances √† Abu Dhabi - La chronique de Thomas Vdb,1
"""Ni juge ni soumise"" : la magistrate truculente est sur Netflix - Capture d'√©crans",0
La t√©l√©vision russe pass√©e au crible - L'Instant M,0
"Isabelle Autissier : ""Le co√ªt de l'inaction est infiniment sup√©rieur au co√ªt de l'action"" en faveur",0
"""Grand remplacement"" : monstrueuse banalisation m√©diatique - L'Instant M",0
Ecologie et √©nergie : deux nouvelles ministres sur le pont,0
"""Lol qui rit sort"" : la diabolique m√©canique du fou-rire - Capture d'√©crans",0
Oui le vin la viande et le fromage sont menac√©s - En toute subjectivit√©,0
"M√•neskin en session live dans Popopop avec ""Supermodel"" et ""I wanna be your slave""",0
Il reste 3 ans pour sauver le monde - Le Billet de Tanguy,1
Un nouveau crat√®re sur la Lune üåï,0
"Cl√©ment Beaune : ""Je pense qu'il y a un danger un certain nombre de d√©rives dans ce qui s'appelle N",0
Erdogan le Poutine qui a r√©ussi - En toute subjectivit√©,0
"""En th√©rapie"" saison 2 : un thriller feutr√© mais haletant - Capture d'√©crans",0
"""J'te r√©sume Fidelio"" : l'op√©ra de Beethoven prend un coup de jeune sur Youtube - Capture d'√©crans",0
Les coulisses de la Panth√®re des Neiges aux C√©sar,0
Elys√©e 2022 : campagne chaotique et probable record abstention - Questions Politiques,0
Le questionnaire Jupiproust de Terrenoire - Le questionnaire Jupiproust,1
"Laure Calamy : ""On a envie de raconter les femmes apr√®s 35 ans""",0
N‚ÄôOublie jamais qui t‚Äôa √©lu pourquoi et pour quoi faire - En toute subjectivit√©,0
Quand les femmes secouent le cin√©ma - L'Instant M,0
"""1984"" par Xavier Coste : Prix Bd Fnac France Inter 2022",0
Ras-Le-Bol des armes que Stallone fasse des pichenettes - Tanguy Pastureau maltraite l'info,1
Riad Sattouf Esther l'histoire de leurs 16 ans,0
"""L‚ÄôUnion de la gauche aura dur√© 3h30 Et c‚Äôest d√©j√† une belle performance "" - Le Journal de 17h17",1
"""La corde"" sur Arte : un thriller fantastique - Capture d'√©crans",0
"Un espion communiste au ""Canard Encha√Æn√©"" L'Instant M",0
"Elie Cohen et Fran√ßois Asselin : ""On d√©couvre √† l'occasion de cette crise notre degr√© de d√©pendance""",0
"""La Croix"" : y a-t-il un vote catholique L'Instant M",0
"Luc Rouban : ""Le gros probl√®me actuel c'est le d√©phasage entre l'offre politique et la demande""",0
Radio France : comment allier publicit√© √† l'antenne et enjeux environnementaux,0
#Cultureprime Jacques Perrin : prot√©ger le vivant,0
St√©phane Rotenberg - Le h√©ros du jour de Guillermo Guiz,1
"Nicolas Bray √† propos de la rentr√©e ce lundi : ""√áa va √™tre une journ√©e d'enfer""",0
Le journal de bord num√©rique du tueur de Buffalo - Antidote,0
"Sylvie Kauffmann - Bertrand Badie : ""Cette op√©ration nous apparaissait insens√©e""",0
David Colon : qu'est-ce que la propagande L'Instant M,0
"Mathieu Delahousse : ""Les victimes ont le sentiment qu'on leur vole leur place""",0
Ap√©'Roussel chez les bourgeois - Le Sketch avec Carole Bouquet,1
D√©brief de la Pr√©sidentielle - La chronique de Waly Dia,1
"Jr : ""J‚Äôai demand√© si cette petite fille pouvait √™tre le symbole de cette grande image""",0
La p√©nurie de personnel dans l'h√¥tellerie-restauration - En toute subjectivit√©,0
Cumul f√™te juive et Pentec√¥te match France-Danemark et fausses br√®ves - Le Journal de 17h17,0
"Camille Lamarche ex-juriste √† Orpea : ""Mon devoir √©tait de d√©noncer ce qu'il s'y passait""",0
"Fabrice Luchini : ""Si je n‚Äôavais pas mon m√©tier je ne pourrais plus vivre en soci√©t√©""",0
Nadal Djoko et Federer √† la maison de retraite - Le Sketch avec Carmen Maura,1
"Michelle Perrot et Mona Ozouf dans ""la Grande Librairie"" : une si belle amiti√© - Capture d'√©crans",0
La d√©couverte du tombeau de Gengis Khan un conqu√©rant implacable - Les Odyss√©es,0
"Rosal√≠a : ""√ätre sur une grande sc√®ne c'est ma motivation""",0
Le r√©f√©rendum est-il la solution pour sauver la 5√®me r√©publique En toute subjectivit√©,0
Les cha√Ænes panarabes et les territoires occup√©s - L'Instant M,0
Alain Mabanckou : comment mettre en sc√®ne la question noire en France - L'Instant M,0
"Enrico Letta : ""Je suis tr√®s pr√©occup√© Il y a un probl√®me de division entre les pays europ√©ens""",0
La Master Classe de Judith Davis - La Master-Classe de Par Jupiter,0
"Salom√© Berlioux : ""Les jeunes on parle beaucoup d'eux pour eux mais on entend rarement leur voix""",0
"""Hamilton"" sur Disney+ : une com√©die musicale r√©volutionnaire Capture d'√©crans",0
Si je t'oublie Marioupol - En toute subjectivit√©,0
Le spectacle de danse de ma ni√®ce - La Dr√¥le D'Humeur De Tristan Lopin,1
Inondations monstres en Afrique du Sud,0
"""Vice Versa"" un dessin anim√© nietzsch√©en Capture d'√©crans",0
Propos de Stanislas Gu√©rini Festival de Cannes et couille dans le potage - Le Journal de 17h17,1
L'Europe accro au gaz russe : comment faire,0
On n'arr√™te pas l'√©co avec Julia Cag√© √©conomiste professeure √† Sciences Po,0
L‚Äô√âquilibre de la girafe - Le billet de Camille Chamoux,1
Retour sur les √©lections - Tanguy Pastureau maltraite l'info,1
Annick donne ses pr√©visions de l'√©t√© - Le billet de Lison Daniel,1
Le questionnaire Jupiproust des Bodin's,0
"""Bombe de pluie"" en Australie üåß",0
"Antoine Bondaz : ""L'objectif de la Chine sur la sc√®ne internationale est d'isoler Ta√Øwan""",0
"Christian Jacob refuse la ""double appartenance politique"" pour les l√©gislatives",0
Le poids - Emily Loizeau (Live),0
Fran√ßois Villeroy de Galhau : la Banque de France table sur une croissance de 0 2% au 2e trimestre,0
"Mathias Vicherat : ""√Ä Sciences Po on peut conjuguer excellence et √©galit√© des chances""",0
Bande dessin√©e - Dans la bulle de Christophe Blain,0
Il y a 32 ans le 14/03/1990 Mikha√Øl Gorbatchev est √©lu pr√©sident de l‚ÄôURSS - En toute subjectivit√©,0
"G√©rard Larcher sur le pass vaccinal : ""nous voulons l'adapter √† la r√©alit√©""",0
Le D√©bat Eco : Europe √©cologie : deux vrais clivages,0
"Vincent Lindon : ""On va essayer de vivre les films du Festival de Cannes avec le c≈ìur""",0
√Ä l‚Äôorigine de la guerre en Ukraine une lecture complotiste de la R√©volution de Ma√Ødan,0
"""La petite fille qui se trouvait trop petite dans un monde trop grand"" par Fa√Øza Gu√®ne - Oli",0
"Julie Couturier avocate et ‚Äãb√¢tonni√®re de Paris : ""Il y a eu une inflation l√©gislative""",0
Dirty Dancing - La Master-Classe de Marion S√©clin,0
"""L'abominable myst√®re des fleurs"" : un documentaire captivant sur France 5 - Capture d'√©crans",0
"""Ignatus le dragon"" par Anne Pauly - Oli",0
Le questionnaire Jupiproust de Martin Maissonier,1
"""The Baby"" ""Transport"" ""Reusss"" et ""Toutouyoutou"" - Capture d'√©crans",0
Un petit tour au Salon de la chasse,0
"Thibault Cauvin interpr√®te ""Valse pour Alina"" - La carte blanche",0
1er tour des L√©gislatives : le bilan - Le Moment Meurice,1
Quel avenir pour la mondialisation - Le d√©bat √©co,0
"Alex Lutz : ""Aujourd'hui m√™me √† terre il faut donner l'impression de r√©ussir""",0
"On voit bien que Manu a surtout peur d'avoir droit √† sa retraite anticip√©e le 24 avril prochain"" - L",0
La Master-Classe de de Mouss et Hakim,0
Bien vivre sa canicule - Le Moment Meurice,1
Richelieu : le cardinal √† la main de fer - Les Odyss√©es du Louvre,0
"Hippolyte d'Albis : les entreprises ""vont se retrouver dans des situations plus fragiles""",0
Lettre √† Mathilde Viot - En toute subjectivit√©,0
Les enjeux pour le ou la prochain(e) pr√©sident(e) - En toute subjectivit√©,0
We can't breathe - Emily Loizeau (Live),0
Pr√©sidentielle : quelle place a l'√©cologie pour les militants des candidats finalistes,0
Tristan Waleckx : Compl√©ment d'enqu√™te et les puissants - L'Instant M,0
Netflix - Le h√©ros du jour de Daniel Morin,1
Le D√©bat Eco : est-on riche quand on gagne plus de 3 700 euros par mois,0
Eug√®ne Delacroix : grand peintre romantique - Les Odyss√©es du Louvre,0
"V√©ronique Fournier : ""Il faut changer de mod√®le"" et trouver des alternatives aux Ehpad",0
"""J'ai perdu mon corps"" sur France 4 : un tr√®s grand film d'animation - Capture d'√©crans",0
"""On est la locomotive de la gauche c‚Äôest une responsabilit√©"" estime Fran√ßois Ruffin (LFI)",0
La suite nuptiale - La chronique de Thomas Bidegain,0
La voix de la pol√©mique la plus rentable - La chronique de Laurence Bibot,1
"Etienne Gernelle : ""Le Point"" et les droites - L'Instant M",0
Jean-Fran√ßois Kahn une vie de presse √©pisode 2 - L'Instant M,0
"Carte blanche - Quand -M- reprend ""Allo Maman bobo"" d'Alain Souchon",0
Le questionnaire Jupiproust de Sophie Calle - Le questionnaire Jupiproust,1
Azuro de Matthieu Roz√© - La Chronique de L√©o Karmann,1
Le gouvernement britannique veut lutter contre le chiffrement des messages de bout en bout,0
"""Tout ce qui se passe dans nos vies se retrouve dans nos rivi√®res""",0
Le questionnaire Jupiproust de Mathias Enard - Le questionnaire Jupiproust,0
Robin Goncet le chirurgien qui op√®re des fruits et l√©gumes sur Tiktok - Capture d'√©crans,0
"Prix d√©connexion : qu'est-ce qui fait le succ√®s des ""feature phones"" les anti-smartphones",0
D√©mocratie √† la fran√ßaise - La dr√¥le d‚Äôhumeur de Marina Rollman,1
"""On n'est pas √† l'abri d'une enqu√™te sur le Qi moyen des Fran√ßais comment√©e par Marl√®ne Schiappa"" -",0
La g√©o-ing√©nierie solaire est-elle une solution pour le climat,0
J'aime pas lire - La chronique d'Aymeric Lompret,1
"Brigitte Bourguignon : ""L'√âtat porte plainte"" dans l'affaire des Ehpad Orpea",0
L'Instant M,0
"Anne Simon : ""Comment dessiner ""L'Institut des benjamines """"",0
Lettre √† Emmanuel Todd - En toute subjectivit√©,0
"""Owen le petit zombie d'appartement"" par Antoine Doyle - Oli",0
"Christiane Taubira : ""Je suis celle qui accepte les risques d‚Äôune investiture citoyenne""",0
Le questionnaire Jupiproust de Philippe Caub√®re - Le questionnaire Jupiproust,1
Robert Namias : un polar et des fant√¥mes - L'Instant M,0
Cry me a river L'imp√©ratrice reprend Justin Timberlake - Carte blanche,0
Documentaire : notre cerveau fait l'autruche face √† l'urgence climatique - Capture d'√©crans,0
Le drame Ouighour : enqu√™te sur un black-out - L'Instant M,0
La pression de l'horloge biologique - Le billet de Nora Hamzawi,1
Le questionnaire Jupiproust de G√©rard Garouste - Le questionnaire Jupiproust,1
"""Apr√®s le 10 Downing Street meilleure boite de Londres l‚ÄôElys√©e est not√© meilleur camping de Paris""",0
"""Dans la terrible jungle"" : le handicap film√© sans pathos (avec beaucoup de joie) - Capture d'√©crans",0
Les sc√®nes de baiser dans les films des ann√©es 80 - La Master-Classe de Par Jupiter,0
"√Ä la Biennale de Saint-√âtienne les designers invitent √† repenser ""notre environnement mat√©riel""",0
Les Supers H√©ros - La chronique de Thomas Bidegain,1
Avec Thibault Lanxade le dividende salarial - On arr√™te pas l'√©co,0
Le D√©bat Eco : les gauches sont-elles r√©conciliables sur le plan √©conomique,0
Le Ballon de la libert√© - Les Odyss√©es,0
Canicule : des temp√©ratures pas tr√®s r√©publicaines - Le Billet de Charline,1
Jambon-Beurre ou beurre-jambon La chronique langue de La√©lia V√©ron -,0
Hidalgo et P√©cresse font appel aux anciens pr√©sidents d√©funts - Le Sketch avec Didier Gustin,1
"Nicolas Goldberg: ""Les Epr ce n‚Äôest pas une r√©volution technologique c‚Äôest une prouesse technique""",0
"""Les Inrocks"" : la culture est-elle politique L'Instant M",0
Dino Buzzati l'√©crivain-journaliste - L'Instant M,0
Fa√Øza Guene : Malik Oussekine √† l'√©cran - L'Instant M,0
Les m√©duses violettes menacent-elles vraiment l'√©t√© grec,0
"Thierry Demaizi√®re et David B√©rillon : ""C'est un film qui permet de raconter une jeunesse fran√ßaise""",0
"C Gomart et P Gastineau : ""Dans le renseignement on ne fait pas confiance √† ce que dit l'autre""",0
"Enqu√™te : apr√®s ""The Wire"" plong√©e dans le crime de Baltimore - L'Instant M",0
Guerre en Ukraine Francis Huster et transmission des g√®nes - Le Journal de 17h17,1
"Aya Cissoko : ""Il est essentiel qu'un enfant sache d'o√π il vient""",0
D√©serter les jobs destructeurs et les √©coles d'ing√©nieurs : coup de gueule √† Agro Paris Tech,0
Sur Netflix des enfants japonais qui font les courses pour la premi√®re fois - Capture d'√©crans,0
"Boris Cyrulnik : ""Les enfants seront non pas traumatis√©s mais ils seront choqu√©s boulevers√©s""",0
"Jean Lassalle : ""Reconstruire un Etat qui soit √† la fois un symbole et un outil""",0
Le r√©seau social de Donald Trump et le r√™ve d‚Äôun internet alternatif,0
L√©gislatives 2022 : Quel sens a la d√©faite √©lectorale de Manuel Valls En toute subjectivit√©,0
"Carte Blanche - ""Chaque fois"" un freestyle in√©dit par Rom√©o Elvis",0
Tapinoma magnum ces petites fourmis envahissantes,0
Aviation : les agrocarburants sont-ils une vraie bonne solution,0
L‚ÄôHommage de la semaine - Tom Villa a tout compris,1
"""Mon projet c'est de remettre de l'ordre et de lib√©rer les Fran√ßais"" : Val√©rie P√©cresse face au 7/9",0
Eric le conqu√©rant chute √† Saint-Tropez - La chronique de Djamil le Shlag,1
"Henri Cosquer - Sophie B√©cherel - Gabriel Beraha : ""√Ä terme la grotte Cosquer est condamn√©e""",0
"Rapha√´l Glucksmann : ""Nous sommes pr√™ts √† accueillir l‚ÄôUkraine dans la famille europ√©enne""",0
Le chalut de fond : la p√™che qui fait des remous au Parlement europ√©en,0
Un premier ministre de la planification √©cologique : chiche En toute subjectivit√©,0
"Rachel Lindon - Colonel √âric Emeraux : ""Il n'y a pas de guerre sans crimes de guerre""",0
Que va devenir Twitter si Elon Musk met la main dessus,0
"Live ""The fantasy life of poetry and crime"" par Peter Doherty & Fr√©d√©ric Lo",0
Sommes nous condamn√©s √† √©lire des pr√©sidents minoritaires En toute subjectivit√© Natacha Polony,0
Canicule bac philo et Abad the musical - Le Journal de 17h17,1
"Didier Leschi : ""La France est en capacit√© d‚Äôaccueillir les r√©fugi√©s ukrainiens qui se pr√©senteront""",0
Les √©vad√©s d'Alcatraz - Les Odyss√©es,0
"""Borne D√©mission Pour qui tu nous prends On veut pas d‚Äôton gouvernement "" - Le journal de 17h17",1
La politique et l'amour - En toute subjectivit√© C√©cile Duflot,0
Quand Salvini fricote avec les Russes - En toute subjectivit√©,0
Les bonnes nouvelles de la plan√®te du 18 f√©vrier 2022,0
Guerre en Ukraine : Le facteur humain chez les grands dirigeants - En toute subjectivit√©,0
Le questionnaire Jupiproust de Christian Olivier - Le questionnaire Jupiproust,0
Comment la complosph√®re mondiale r√©agit √† l‚Äôinvasion russe de l‚ÄôUkraine,0
Val√©rie P√©cresse - Des candidats et des jeunes #Elys√©e2022,0
La plus grande plante du monde d√©couverte en Australie,0
Frida Kahlo peindre la vie pour oublier la douleur - Les Odyss√©es,0
"""Culbute"" sur Arte : quand la pop culture fa√ßonne nos sexualit√©s - Capture d'√©crans",0
Jonathan Cohen d√©fie Koh Lanta - L'Instant M,0
"""Qui connait une petite fille qui n‚Äôa pas r√™v√© de devenir Elisabeth Borne quand elle serait grande",0
"Martin Hirsch : L'Ap-Hp ""manque de 1 400 personnels infirmiers"" selon son directeur g√©n√©ral",0
"St√©phanie Dayan : ""Une hausse des salaires de 16% en moyenne ce n'est jamais suffisant""",0
L'Odyss√©e d'Ulysse : Ulysse et Calypso (1/3) - Les Odyss√©es,0
Bilan du premier tour des l√©gislatives : la d√©route des candidats port√©s par la complosph√®re,0
"Carte blanche - Oumou Sangar√© chante ""Sarama""",0
Les secrets du go√ªt - Une conf√©rence France Inter,0
"France Inter et Chemins d'Avenir pr√©sentent ""Des candidats et des jeunes"" rendez-vous le 22 F√©vrier",0
Olivier Dubois n'est pas √† Ibiza - La chronique de Waly Dia,1
"Josep Borrell : ""On ne peut pas savoir ce qui va arriver"" malgr√© le retrait des troupes russes",0
A la recherche du nouveau Ministre de la Culture - Le Sketch avec Gauvain Sers,1
O√π sont Dom et Bruno,0
"Louis Aliot : ""√Ä la fin c'est le peuple qui d√©cide""",0
"Richard Ferrand : ""La retraite √† points n'est pas enterr√©e pour les nouveaux entrants""",0
"Blandine Bri√®re : ""Mon fr√®re Benjamin emprisonn√© en Iran est un otage""",0
Pickles de navet express - Les recettes de Fran√ßois-R√©gis Gaudry,0
"""Val√©rie P√©cresse elle est pas encore pr√©sidente et elle se brouille d√©j√† avec les allemands""",0
Saloperie de canicule Le billet de Daniel Morin,1
Un journaliste dans l'enfer d'une prison marocaine - L'Instant M,0
"""Georges Perec l'homme qui ne voulait pas oublier"" : un splendide documentaire - Capture d'√©crans",0
"Christian Buchet : ""Il n'y a pas de vie"" sans des oc√©ans en bonne sant√©",0
La Star Academy peut-elle encore faire na√Ætre des stars Capture d'√©crans,0
Chanee : la gu√©rilla m√©diatique - L'Instant M,0
"Fran√ßois Durpaire : ""Plus de 68% des am√©ricains disent oui au droit √† l‚Äôavortement au 1er trimestre""",0
Rapport de l'Onu sur Isra√´l 30 plaintes contre Korian Avc devant la t√©l√© - Le Journal de 17h17,1
"Jean-Didier Urbain : ""Le d√©sir de partir exacerb√© pour ceux qui ont v√©cu la perte de lien social""",0
"Richard Ramos : ""Les industriels de la charcuterie sont pr√™ts √† tout pour faire du fric""",0
"Pierre Servent : ""La Russie r√©v√®le ce que l‚Äôon voit souvent dans les pays totalitaires""",0
"""L‚ÄôEnfer"" de Stromae en live dans ""Boomerang"" - Carte blanche",0
"Marion Mar√©chal : ""Ind√©niablement la guerre a rebattu les cartes"" de la campagne pr√©sidentielle",0
J'assume - Le billet d'Alexandre Kominek,1
Bless√©s ukrainiens transf√©r√©s en France menace de p√©nurie de frites et serpent √† fourrure - Le Jour,0
"Marcello Quintanilha : ""Comment dessiner ""Ecoute jolie Marcia"" Fauve d'Or 2022 """,0
Vers un printemps europ√©en En toute subjectivit√©,0
Le printemps mara√Æchin,0
"Sophie V√©n√©titay : ""On ne sait pas si on va pouvoir recruter suffisamment d‚Äôenseignants""",0
P√©cresse positive au Covid tourn√©e anti Le-Pen de Darmanin et pilule contraceptive pour hommes,0
Lettre √† Inna Shevchenko - En toute subjectivit√©,0
L'improbable reine Qanon du Canada,0
"D√©bat ""La France face √† la guerre"" le courage d'une journaliste russe et Monfils qui gagne - Le Jou",0
Pollution lumineuse : les chips de la discorde,0
L'indispensable pr√©servation des terres fertiles - En toute subjectivit√©,0
Les bonnes nouvelles de la plan√®te du 21 janvier 2022,0
Le questionnaire Jupiproust des Goguettes - Le questionnaire Jupiproust,1
Les entreprises fran√ßaises doivent-elles quitter la Russie,0
√âlisabeth Quin : 10 x 28 - L'Instant M,0
Delphine de Vigan est la pr√©sidente du 48√®me Prix du Livre Inter,0
Le Palmashow : la parodie t√©l√© sur grand √©cran - L'Instant M,0
"Loup Bureau : ""Dans les tranch√©es il y a aussi une fragilit√© une humanit√© des soldats tr√®s forte""",0
Surtout ne votez pas pour lui Le Billet de Charline,1
Roland Garros : la campagne de r√©sistance civile d'Aliz√©,0
Lettre √† un adjudant - En toute subjectivit√©,0
"""√âl√©gie fun√®bre"" Axel Bauer reprend Manset - La carte blanche",0
Argenteuil : Monet les platanes et le centre commercial,0
L√©gislatives 2022 : Bruno Le Maire ministre de l'√âconomie de des Finances,0
Les √©toiles de mer comme vous ne les avez jamais vues,0
Anne Nivat face √† la France - L'Instant M,0
No√© Debr√© et Xavier Lacaille - L'Instant M,0
Le Banquet Annuel de la confr√©rie des fossoyeurs de Mathias Enard - La chronique de Clara Dupont-Mo,0
"Alliance Lfi-Pcf : ""Un accord important on verra si on peut le qualifier d'historique"" dit Fabien",0
Prix du papier : vos journaux menac√©s - L'Instant M,0
On n'arr√™te pas l'√©co avec avec Pietro Beccari Pdg de Dior,0
"Chlo√© Cruchaudet : ""Comment dessiner ""C√©leste"" """,0
Cocktail toxique dans certains lacs des Pyr√©n√©es,0
Les disputes c'est bon pour le couple Le billet de Daniel Morin,1
"Constance Colonna-Cesari : ""L'Ukraine est un terrain min√© pour la diplomatie vaticane""",0
L√©gislatives : la guerre des nerfs - Le Billet de Charline,1
Cash Investigation s'attaque √† son tour au business des Ehpad priv√©s -,0
Crise dans l'h√¥tellerie et la restauration avec Jean Terlon vice-pr√©sident de l'Umih,0
La Master Classe de Pomme - La Master-Classe de Par Jupiter,0
"Quand Olivia Ruiz reprend ""Volver"" de Estrella Morente - Carte blanche",0
"""Score serr√©"" pouvoir d'achat : Fran√ßoise Fressoz et J√©r√¥me Jaffr√© analysent l'entre-deux-tours",0
√Ä la recherche de David Livingstone - Les Odyss√©es,0
Jeunes dipl√¥m√©s cherchent carri√®res sans danger pour la plan√®te avec Beno√Æt Serre et R√©mi Vanel,0
"Il faut lire ""l'Emprise"" de Marc Endeweld - En toute subjectivit√© Natacha Polony",0
"""V√©ran bosse pas aux urgences il prendrait les patients 2 jours apr√®s leurs obs√®ques"" - 17h17",0
De Gaulle et Jean Jaur√®s - Le Sketch avec Manon bril,1
Le sketch de Par Jupiter avec Michel Vuillermoz,1
"Vald : ""Je vieillis j'accepte tout doucement d'√™tre sinc√®re""",0
"Jubil√© d'Elizabeth Ii : ""Ce sont des c√©r√©monies qui ont des propri√©t√©s curatives sur le moral""",0
"Val√©rie Lemercier : ""Je ne vois pas l'int√©r√™t de vivre si on ne rit pas""",0
"Etienne Ollion : ""Il y a une fatigue d√©mocratique un probl√®me avec nos institutions""",0
"Guillaume N√©ry : L'apn√©e ""s'est install√©e pour moi comme une forme d'art de vivre""",0
"""Toutoune et Constantin"" par Ariane Ascaride - Oli",0
Charles Villa : un reporter sous le regard de ses fixeurs - L'Instant M,0
Total en Russie : la pression monte,0
"Mathilde Imer de la primaire populaire : ""Aucun des noms des candidats ne sera retir√©""",0
"Louis Aliot : ""Le match du premier tour n‚Äôest pas pli√©""",0
"""P√©cresse est plus forte pour r√©colter les dons que les voix l‚Äôann√©e prochaine on la mettra au T√©l√©",0
"""Euromillions du vendredi 13 : Val√©rie P√©cresse aurait √©t√© aper√ßue au Pmu "" - Le Journal de 17h17",0
"""Les artisans du fun"" : quand les id√©es (absurdes) des enfants deviennent r√©alit√© - Capture d'√©crans",0
Mitterrand - Les Pr√©sidents et la Culture¬†#Cultureprime,0
"""Flee"" sur Arte : un grand film tragique et lumineux - Capture d'√©crans",0
Hommage √† Voltaire - En toute subjectivit√© par Alexandre Devecchio,0
"""Ce n'est pas un moment inflationniste quelconque "" : avec les √©conomistes E Heyer et J -M Daniel",0
Le questionnaire Jupiproust de Virginie Grimaldi - Le questionnaire Jupiproust,1
Squeezie sur le papier - L'Instant M,0
Fable : un acteur de t√©l√© candidat du parti fasciste L'Instant M,0
Le questionnaire Jupiproust d'Alexis Rosenfeld,1
Primaire populaire gr√®ve des enseignants programme pr√©sidentiel : Anne Hidalgo invit√©e du 7/9,0
Parenthood de Ron Howard - La chronique de L√©o Karmann,1
Les 60 ans des Accords d'Evian avec Malika Rahal,0
On m‚Äôa vol√© mon r√©troviseur gauche - La dr√¥le d'humeur de Paul Mirabel,1
R√©sultats du premier tour piratage d'antenne et parachutiste survivant - Le Journal de 17h17,1
"""√Ä bient√¥t de te revoir"" : le podcast passe √† l'image - Capture d'√©crans",0
"""Cueillette et le prince de feu"" par Franck Thilliez - Oli",0
L'homme pourrait-il hiberner pour aller dans l'espace,0
"Le√Øla Slimani : ""Ecrire un roman qui puisse parler √† tout le monde""",0
Lci : une saison pour convaincre L'Instant M,0
"Ronan Evain : ""Le match de samedi soir est un fiasco organisationnel""",0
Le h√©ros du jour : Xi Jinping - Le h√©ros du jour,0
"""Les saisies connaissent un niveau historiquement √©lev√©"" explique l'Office anti-stup√©fiants",0
"Richard Ferrand apr√®s le scandale Orp√©a : ""L'or gris c'est pas du business""",0
"""On rappelle les r√®gles de base : ne jamais se f√¢cher avec Rachida Dati "" - Le Journal de 17h17",1
Quelles priorit√©s √©conomiques pour le gouvernement Borne,0
Jubil√© de la reine Michel Sardou et gr√®ve de diplomates - Le Journal de 17h17,1
"""Affaire Sensible"" (version t√©l√©vis√©e) se penche sur le naufrage du Bugaled Breizh- Capture d'√©crans",0
"Fr√©d√©ric Pierrot - Emmanuelle Bercot pour ""En th√©rapie"" : ""On a envie d'avoir ce psy""",0
Libert√© d'avorter - La dr√¥le d‚Äôhumeur de Marina Rollman,1
Omegle com un r√©seau social qui expose nos ados √† la p√©docriminalit√© - Capture d'√©crans,0
Sur Tiktok des hommes cuisinent de la viande en plein air (et c'est fascinant) - Capture d'√©crans,0
Les bases de la Pr√©sidentielle - La chronique de Waly Dia,1
Grippe aviaire : sauve qui poule üêî,0
M√©t√©o : les mots et les images du beau temps - L'Instant M,0
C√©dric O : comment l‚ÄôUE limite la diffusion de Rt et Sputnik - L'Instant M,0
Quand le Cnrs passe Cyril Hanouna au crible - L'Instant M,0
"""Ne jamais demander √† Sandrine Rousseau d‚Äôaller n√©gocier la paix en Ukraine au nom de la France"" - L",0
Moli√®re : naissance d'un acteur (1/2) - Les Odyss√©es,0
Qui sont les vrais insoumis En toute subjectivit√©,0
"Nicolas Peyrac reprend ""Ma m√¥me"" de Jean Ferrat - La carte blanche",0
"""Les 7 vies de L√©a"" : cette s√©rie n'est pas seulement pour les ados Capture d'√©crans",0
On n'arr√™te pas l'√©co avec S√©bastien Bazin Pdg d'Accor,0
Ce que nous apprend la guerre - La chronique de Waly Dia,1
"Chlo√© Morin : ""On doit changer notre regard sur la vie politique""",0
"Que racontent les commentaires des lecteurs du ""Monde"" L'Instant M",0
"Fanny Ardant : ""D√®s qu'une histoire d'amour ne rentre pas dans le rang c'est de la dynamite""",0
Primaire populaire 5G et homards hallucinog√®nes - Le Journal de 17h17,1
"Suite de l'affaire Orpea avec Victor Castanet auteur de l'enqu√™te ""Les Fossoyeurs""",0
Mathieu Gallet : r√®glement de compte L'Instant M,0
"Claire H√©don : ""Ce n'est pas √† l'usager de s'adapter √† la d√©mat√©rialisation des services publics""",0
Moussa Camara fondateur de l'association les D√©termin√©s,0
Konbini s'engage contre le harc√®lement en ligne - L'Instant M,0
On n'arr√™te pas l'√©co avec St√©phane Boujnah Pdg d'Euronext,0
"Marat Gabidullin - Veronika Dorman : Le r√¥le ""de Wagner est contraire aux int√©r√™ts du peuple russe""",0
La 2√®me guerre d'Ukraine - En toute subjectivit√©,0
"Le philosophe Pierre Charbonnier: ""Beaucoup de choses qui nous semblaient aller de soi ne vont plus""",0
"Geoffroy Roux de B√©zieux : ""On ne peut pas payer collectivement un 'quoi qu'il en co√ªte'permanent""",0
L'orque de la Seine retrouv√©e morte,0
Les technos et la politique - En toute subjectivit√©,0
"Emmanuel Carr√®re : ""On revient √† l'Union sovi√©tique dans ce qu'elle a de plus enferm√©e""",0
"Anthony Huard psychanalyste : ""Le super-h√©ros est un homme comme les autres""",0
"""Cessez-le feux locaux en Ukraine : Bison F√ªt√© annonce une journ√©e noire dans le sens des d√©parts"" -",0
"Catherine Hill : ""Il faut aller vacciner les gens chez eux parce que le vaccin prot√®ge""",0
Y a des gauchos dans l'air - Les Goguettes en live,1
Le questionnaire Jupiproust de Fr√©d√©rique Matonti,1
Raquel Garrido : gu√©rilla m√©diatique sur C8 L'Instant M,0
"""A d√©couper selon les pointill√©s"" sur Netflix : l'homme qui parlait √† son tatou - Capture d'√©crans",0
"F Adnet et M Lacroix : ""Les urgences sont le sympt√¥me de la d√©liquescence du syst√®me de Sant√©""",0
"Les koalas class√©s ""en danger"" par l'Australie",0
Fabien Roussel - Des candidats et des jeunes #Elysee2022,0
Ks et Nd : drag queens et politique - L'Instant M,0
Contre la s√©cheresse et pour l‚Äô√©cologie : osez Madame En toute subjectivit√©,0
Le h√©ros du jour : Radim Passer - Le h√©ros du jour,0
"Val√©ria Faure-Muntian : ""Les Ukrainiens sont dans un esprit tr√®s combattif""",0
Communicants et lobbyistes : les coulisses du pouvoir - L'Instant M,0
"""Max et les paysans"" : portrait d'un ange gardien des campagnes - Capture d'√©crans",0
"Herv√© Juvin : ""Les Fran√ßais n'ont pas √† se sacrifier pour l'absence de pr√©occupation d'autres pays""",0
Lettre √† Ad√®le - En toute subjectivit√©,0
"Nathalie Arthaud : ""Je pense avoir le programme le plus cons√©quent en mati√®re √©cologique""",0
"Laurence Favre : ""Depuis le d√©but du conflit les enfants s'expriment librement"" √† l'√©cole",0
Meeting de P√©cresse parfum de Munich en Ukraine et Macarena - Le Journal de 17h17,1
"""Il faut taper fort"" : le gouvernement annonce deux enqu√™tes contre le groupe Orpea",0
"Charles Michel : ""Abandonner l‚ÄôUkraine serait abandonner les valeurs europ√©ennes""",0
"Abstention : ""Une part croissante de nos compatriotes sont entr√©s en dissidence √©lectorale""",0
Real Madrid - Fc Barcelone : un classico de foot en clair - Capture d'√©crans,0
‚ÄùCet album est √©motionnellement tr√®s honn√™te‚Äù - L‚ÄôInterview de Tears for Fears,0
Super Heco le youtubeur qui voulait tout apprendre - Capture d'√©crans,0
"Peter Doherty chante ""Inutile et hors d'usage"" de Daniel Darc",0
Travailleurs essentiels le compte y est-il  Christine Ehrel √©conomiste,0
Booba du complotisme sanitaire √† la propagande russe,0
"Marie Mendras - Michel Goya : ""D√®s les premiers jours la guerre en Ukraine √©tait criminelle""",0
Lettre √† Lara - En toute subjectivit√©,0
"Carte blanche : ""La vie ne vaut rien"" par Flavia Coelho",0
M√©t√©o : retour √† l'heure d'hiver - Le Journal de 17h17,1
M√©dias russes : le contr√¥le des esprits - L'Instant M,0
"""Il y a une dualit√© pr√©sente dans tout le projet "" Rosal√≠a",0
Le conducteur parisien - Le h√©ros du jour,0
"""Au pays des Tout-Oui"" par Rapha√´lle Giordano - Oli",0
Filmer la prison - L'Instant M,0
Comment comprendre Poutine et ses combats Avec Philippe Collin et Isabelle Mandraud,0
"Antoine Compagnon : ""On est sid√©r√©s de cette accumulation"" d'anglicisme",0
"""Pour moi la vie va commencer"" Bertrand Belin reprend Johnny Hallyday - La carte blanche",0
"""Sherlock Holmes: Chapter One"" √©l√©mentaire mais pas terre √† terre - #LFAJV",0
Pour une r√©volution politique po√©tique et philosophique avec l'astrophysicien Aur√©lien Barrau,0
"Pr Arnaud Fontanet : ""Le sc√©nario du pire s‚Äô√©loigne""",0
Daniel Schneidermann exhume la presse des ann√©es 30 - L'Instant M,0
France 2 retrace l'histoire de la V√®me R√©publique vue des Outre-Mer - Capture d'√©crans,0
La jeunesse engag√©e mais qui s‚Äôabstient - En toute subjectivit√©,0
"Julie Fuchs reprend Barbara : ""Une petite cantate"" - La carte blanche",0
Le flop des maisons Brad Pitt,0
"C√©cile Prieur : L'Obs est-il ""woke"" L'Instant M",0
J‚ÄôEusse aim√© le subjonctif La chronique langue de La√©lia V√©ron,0
"""Victoria la femme qui n'aimait pas les enfants"" par Anne Berest - Oli",0
Inflation pouvoir d'achat : une pr√©sidentielle √† la hauteur,0
Le Roi et l'Oiseau - La Chronique de Christine Gonzalez,1
Pornodivulgation : un documentaire donne la parole aux victimes et √† leurs proches - L'Instant M,0
Le questionnaire Jupiproust de Shirley Souagnon - Le questionnaire Jupiproust,1
"Victoires de la musique : ""j'ai envie de m'amuser""- Ang√®le est l'invit√©e de 7h50",0
"""On ne fait pas gr√®ve contre un virus"": la n√©gation pol√©mique - La Chronique linguiste de La√©lia Ver",0
"Jean-Michel Loyer-Hasco√´t et Sophie Jugie : ""C'est la fin d'une tr√®s belle aventure collective""",0
"Adrien Quatennens : ""Les voix de Fabien Roussel nous ont manqu√© incontestablement""",0
"""Un si long silence"" : un documentaire important sur Sarah Abitbol - Capture d'√©crans",0
Violer Oklm - La chanson de Giedr√©,1
Derby girl 2 - La chronique de L√©o Karmann,1
Quelles sont les banques qui continuent de financer le charbon,0
Le questionnaire Jupiproust de Juliette Armanet,0
Hugo Travers ou comment jongler avec les r√©seaux - L'Instant M,0
"Laurence de Nervaux¬†: les abstentionnistes ""sont autant sensibilis√©s que la moyenne des Fran√ßais √† l",0
Ukraine : la vrai nature de la m√©diation fran√ßaise - En toute subjectivit√© par Natacha Polony,0
Pourquoi l'√©ruption du volcan aux Tonga est aussi impressionnante que surprenante,0
"Florence Aubenas : ""Cette guerre tomb√©e du ciel les Ukrainiens l'ont prise avec courage""",0
"Gabriel Attal : ""Pas une seule voix pour le Rn""",0
"""Depuis que le quai d'Orsay est devenu un Ehpad on note une recrudescence de cas d'Alzheimer"" - Le",0
Le h√©ros du jour : les belges et la p√™che au thon,0
"Orson Welles et ""la guerre des mondes"" - Les Odyss√©es",0
Arcom campagne pr√©sidentielle et temps de parole Jusqu'√† l'absurde En toute subjectivit√©,0
Disparition du parti socialiste dernier conseil des ministres du gouvernement Castex et voyage dans,0
La France n'a pas d'id√©es mais elle a des chenilles - Tanguy Pastureau maltraite l'info,1
Lettre √† Am√©lie - En toute subjectivit√©,0
"Franck Allisio : ""On veut changer la mani√®re de fonctionner √† l'int√©rieur de l'Ue sans sortir""",0
"Fin du port du masque : une d√©cision qui doit √™tre ""individuelle"" estime Arnaud Fontanet",0
Faisons des √©conomies - Le Moment Meurice,1
Le questionnaire Jupiproust d'Aur√©lie Valognes - Le questionnaire Jupiproust,1
Lettres aux candidats √† l'√©lection pr√©sidentielle - En toute subjectivit√©,0
"Quand November Ultra reprend ""Que reste-t-il de nos amours"" de Trenet - Carte blanche",0
"""Serviteur du peuple"" la s√©rie qui a fait conna√Ætre le pr√©sident Zelensky en Ukraine - Capture d'√©c",0
"Fanny Herrero sc√©nariste : ""Je voulais voir quels √©taient les probl√®mes des artistes""",0
Alice Guy la premi√®re r√©alisatrice de cin√©ma de l‚Äôhistoire - Les Odyss√©es,0
Pileoufacisme - La chronique de Thomas Bidegain,1
Marc Roche : les Windsor et les m√©dias - L'Instant M,0
Des mites chez moi ce cauchemar La chronique de Laura Domenge,1
"Fran√ßois Bayrou : ""Il y a un mouvement de s√©cession d'une partie du pays qui a un d√©sir de r√©volte""",0
Premi√®res reculades et inqui√©tudes dans le monde impitoyable des Nft,0
Les scientifiques se rebellent - Camille passe au vert,0
Visitors - La Chronique de L√©o Karmann,1
"Anne Hidalgo : ""Il faut qu'on arrive √† trouver les sujets sur lesquels on se rassemble""",0
"Benjamin Biolay √† propos de son nouveau single 'Rends l'amour': ""pas une chanson d'amour lamba""",0
Marseille is the new Bruxelles - La dr√¥le d'humeur de Camille Lavabre,1
"""C'est dur"" : Nicolas Dupont-Aignan Nathalie Arthaud et H√©l√®ne Thouy n'ont pas les 500 parrainages",0
"""La dispute"" : la s√©paration des parents vue √† hauteur d'enfants - Capture d'√©crans",0
"Carte Blanche - Khatia Buniatishvili joue ""L'Adagio"" de Bach",0
Petite nature de Samuel Theis - La chronique cin√©ma de L√©o Karmann,1
"Christophe Castaner : ""ll y a une atonie g√©n√©rale sur la campagne qui n'est pas une surprise""",0
"""Ukraine la fin du monde russe"" sur Arte : au c≈ìur de l'identit√© ukrainienne - Capture d'√©crans",0
Mary Anning la chasseuse de fossiles - Les Odyss√©es,0
"""Grothendieck a eu un impact incroyable"" sur les math√©matiques (C Villani et J -P Bourguignon)",0
Chaos au stade de France journ√©e mondiale sans tabac et br√®ves d'or - Le Journal de 17h17,1
Le questionnaire Jupiproust d'Erv√© - Le questionnaire Jupiproust,0
Accueillir les r√©fugi√©s un devoir et un sursaut d‚Äôhumanit√© - En toute subjectivit√©,0
Quels enjeux pour l'entre-deux tours - Le d√©bat √©conomique,0
Nouvelle esp√®ce mena√ßante d√©couverte par le Gepan : les Nupes - Le Sketch Par Jupiter,0
"J-C Fombonne et Agathe Gignoux : ""L'enjeu du bien √™tre animal important pour les Fran√ßais """,0
Plus d'un Fran√ßais sur cinq filtre ses appels au t√©l√©phone - Net Plus Ultra,0
"Didier Froehly : ""Aller chercher une expression un sourire un rictus c'est √ßa qui est int√©ressant""",0
Le d√©barquement des Anglais - La chronique de Roukiata Ouedraogo,1
La France ce nouveau Punta Cana en plus chaud - Tanguy Pastureau maltraite l'info,1
Manu freestyle - La chronique de Thomas Vdb,1
"""La femme qui habitait en face de la fille √† la fen√™tre"" - Capture d'√©crans",0
Le questionnaire Jupiproust de Ben l'Oncle Soul,0
"Patrice Evra abus√© sexuellement : ""Parle quand tu es pr√™t mentalement""",0
"A Landier : ""chaque parti est en train de chercher le mix de valeurs qui r√©pond √† son √©lectorat""",0
"Fabien Roussel :""Depuis combien de pr√©sidentielles demande-t-on aux √©lecteurs de voter par d√©faut """,0
Guerre en Ukraine migrants de qualit√© et activit√© d'un cerveau mort - Le Journal de 17h17,1
